id,peptide,length
tr|A0A0A6YVN8|A0A0A6YVN8_ECOLI,MNK,3
tr|A0A0A6YVN8|A0A0A6YVN8_ECOLI,VGMFYTYWSTEWMVDFPATAK,21
tr|A0A0A6YVN8|A0A0A6YVN8_ECOLI,IAGLGFDLMEISLGEFHNLSDAK,23
tr|A0A0A6YVN8|A0A0A6YVN8_ECOLI,ELK,3
tr|A0A0A6YVN8|A0A0A6YVN8_ECOLI,AVADDLGLTVMCCIGLK,17
tr|A0A0A6YVN8|A0A0A6YVN8_ECOLI,SEYDFASPDK,10
tr|A0A0A6YVN8|A0A0A6YVN8_ECOLI,SVR,3
tr|A0A0A6YVN8|A0A0A6YVN8_ECOLI,DAGTEYVK,8
tr|A0A0A6YVN8|A0A0A6YVN8_ECOLI,LLDDCHLLGAPVFAGLTFCAWPQHPPLDMVDK,32
tr|A0A0A6YVN8|A0A0A6YVN8_ECOLI,RPYVDR,6
tr|A0A0A6YVN8|A0A0A6YVN8_ECOLI,AIESVR,6
tr|A0A0A6YVN8|A0A0A6YVN8_ECOLI,VIK,3
tr|A0A0A6YVN8|A0A0A6YVN8_ECOLI,VAEDYGIIYALEVVNR,16
tr|A0A0A6YVN8|A0A0A6YVN8_ECOLI,YEQWLCNDAK,10
tr|A0A0A6YVN8|A0A0A6YVN8_ECOLI,EAIAFADAVDSPACK,15
tr|A0A0A6YVN8|A0A0A6YVN8_ECOLI,VQLDTFHMNIEENSFR,16
tr|A0A0A6YVN8|A0A0A6YVN8_ECOLI,DAILACK,7
tr|A0A0A6YVN8|A0A0A6YVN8_ECOLI,MGHFHLGEQNR,11
tr|A0A0A6YVN8|A0A0A6YVN8_ECOLI,LPPGEGR,7
tr|A0A0A6YVN8|A0A0A6YVN8_ECOLI,LPWDEIFGALK,11
tr|A0A0A6YVN8|A0A0A6YVN8_ECOLI,EIGYDGTIVMEPFMR,15
tr|A0A0A6YVN8|A0A0A6YVN8_ECOLI,TGGSVSR,7
tr|A0A0A6YVN8|A0A0A6YVN8_ECOLI,AVCVWR,6
tr|A0A0A6YVN8|A0A0A6YVN8_ECOLI,DLSNGATDEEMDER,14
tr|A0A0A6YVN8|A0A0A6YVN8_ECOLI,SLQFVR,6
tr|A0A0A6YVN8|A0A0A6YVN8_ECOLI,LALEHHHHHH,10
tr|A0A0G3HHZ6|A0A0G3HHZ6_ECOLI,METNIVEVENFVQQSEER,18
tr|A0A0G3HHZ6|A0A0G3HHZ6_ECOLI,GSAFTQEVK,9
tr|A0A0G3HHZ6|A0A0G3HHZ6_ECOLI,YLER,4
tr|A0A0G3HHZ6|A0A0G3HHZ6_ECOLI,YPNTQYVDVLLTDLNGCFR,19
tr|A0A0G3HHZ6|A0A0G3HHZ6_ECOLI,IPVSSLK,7
tr|A0A0G3HHZ6|A0A0G3HHZ6_ECOLI,LEK,3
tr|A0A0G3HHZ6|A0A0G3HHZ6_ECOLI,GCYFPASVFAMDILGNVVEEAGLGQEMGEPDR,32
tr|A0A0G3HHZ6|A0A0G3HHZ6_ECOLI,TCVPVLGSLTPSAADPEFIGQMLLTMVDEDGAPFDVEPR,39
tr|A0A0G3HHZ6|A0A0G3HHZ6_ECOLI,NVLNR,5
tr|A0A0G3HHZ6|A0A0G3HHZ6_ECOLI,LWQQLR,6
tr|A0A0G3HHZ6|A0A0G3HHZ6_ECOLI,GLFPVVAVELEFYLLDR,17
tr|A0A0G3HHZ6|A0A0G3HHZ6_ECOLI,DAEGYLQPPCAPGTDDR,17
tr|A0A0G3HHZ6|A0A0G3HHZ6_ECOLI,NTQSQVYSVDNLNHFADVLNDIDELAQLQLIPADGAVAEASPGQFEINLYHTDNVLEACDDALALK,66
tr|A0A0G3HHZ6|A0A0G3HHZ6_ECOLI,LVR,3
tr|A0A0G3HHZ6|A0A0G3HHZ6_ECOLI,LMAEK,5
tr|A0A0G3HHZ6|A0A0G3HHZ6_ECOLI,MHATFMAKPYEEHAGSGMHIHISMQNNR,28
tr|A0A0G3HHZ6|A0A0G3HHZ6_ECOLI,GENVLSDAEGEDSPLLK,17
tr|A0A0G3HHZ6|A0A0G3HHZ6_ECOLI,MLAGMIDLMPSSMALLAPNVNSYR,24
tr|A0A0G3HHZ6|A0A0G3HHZ6_ECOLI,FQPGMYVPTQASWGHNNR,18
tr|A0A0G3HHZ6|A0A0G3HHZ6_ECOLI,TVALR,5
tr|A0A0G3HHZ6|A0A0G3HHZ6_ECOLI,IPCGDR,6
tr|A0A0G3HHZ6|A0A0G3HHZ6_ECOLI,HNHR,4
tr|A0A0G3HHZ6|A0A0G3HHZ6_ECOLI,VEYR,4
tr|A0A0G3HHZ6|A0A0G3HHZ6_ECOLI,VAGADANPYLVMAAIFAGILHGLDNELPLQEEVEGNGLEQEGLPFPIR,48
tr|A0A0G3HHZ6|A0A0G3HHZ6_ECOLI,QSDALGEFIENDHLR,15
tr|A0A0G3HHZ6|A0A0G3HHZ6_ECOLI,YLGER,5
tr|A0A0G3HHZ6|A0A0G3HHZ6_ECOLI,FCHVYHACK,9
tr|A0A0G3HHZ6|A0A0G3HHZ6_ECOLI,NDELLQFER,9
tr|A0A0G3HHZ6|A0A0G3HHZ6_ECOLI,LITETEIEWMLK,12
tr|A0A0G3HK66|A0A0G3HK66_ECOLI,MNMPMTER,8
tr|A0A0G3HK66|A0A0G3HK66_ECOLI,AGK,3
tr|A0A0G3HK66|A0A0G3HK66_ECOLI,LFTDMCEGLPEK,12
tr|A0A0G3HK66|A0A0G3HK66_ECOLI,TLMYEFNHSHPSEVEK,16
tr|A0A0G3HK66|A0A0G3HK66_ECOLI,ESLIK,5
tr|A0A0G3HK66|A0A0G3HK66_ECOLI,EMFATVGENAWVEPPVYFSYGSNIHIGR,28
tr|A0A0G3HK66|A0A0G3HK66_ECOLI,NFYANFNLTIVDDYTVTIGDNVLIAPNVTLSVTGHPVHHELR,42
tr|A0A0G3HK66|A0A0G3HK66_ECOLI,NGEMYSFPITIGNNVWIGSHVVINPGVTIGDNSVIGAGSIVTK,43
tr|A0A0G3HK66|A0A0G3HK66_ECOLI,DIPPNVVAAGVPCR,14
tr|A0A0G3HK66|A0A0G3HK66_ECOLI,VIR,3
tr|A0A0G3HK66|A0A0G3HK66_ECOLI,EINDR,5
tr|A0A0G3HK66|A0A0G3HK66_ECOLI,HYYFK,5
tr|A0A0G3HK66|A0A0G3HK66_ECOLI,DYK,3
tr|A0A0G3HK66|A0A0G3HK66_ECOLI,VESSV,5
tr|A0A0G3HLV0|A0A0G3HLV0_ECOLI,MENIMNNPVIGVVMCR,16
tr|A0A0G3HLV0|A0A0G3HLV0_ECOLI,GHATQTLQEK,10
tr|A0A0G3HLV0|A0A0G3HLV0_ECOLI,YLNAIIHAGGLPIALPHALAEPSLLEQLLPK,31
tr|A0A0G3HLV0|A0A0G3HLV0_ECOLI,LDGIYLPGSPSNVQPHLYGENGDEPDADPGR,31
tr|A0A0G3HLV0|A0A0G3HLV0_ECOLI,DLLSMAIINAALER,14
tr|A0A0G3HLV0|A0A0G3HLV0_ECOLI,IPIFAICR,8
tr|A0A0G3HLV0|A0A0G3HLV0_ECOLI,GLQELVVATGGSLHR,15
tr|A0A0G3HLV0|A0A0G3HLV0_ECOLI,LCEQPELLEHR,11
tr|A0A0G3HLV0|A0A0G3HLV0_ECOLI,EDPELPVEQQYAPSHEVQVEEGGLLSALLPECSNFWVNSLHGQGAK,46
tr|A0A0G3HLV0|A0A0G3HLV0_ECOLI,VVSPR,5
tr|A0A0G3HLV0|A0A0G3HLV0_ECOLI,VEAR,4
tr|A0A0G3HLV0|A0A0G3HLV0_ECOLI,SPDGLVEAVSVINHPFALGVQWHPEWNSSEYALSR,35
tr|A0A0G3HLV0|A0A0G3HLV0_ECOLI,ILFEGFITACQHHIAEK,17
tr|A0A0G3HUT6|A0A0G3HUT6_ECOLI,MAR,3
tr|A0A0G3HUT6|A0A0G3HUT6_ECOLI,AVHR,4
tr|A0A0G3HUT6|A0A0G3HUT6_ECOLI,SGLVALGIATALMASCAFAAK,21
tr|A0A0G3HUT6|A0A0G3HUT6_ECOLI,DVVVAVGSNFTTLDPYDANDTLSQAVAK,28
tr|A0A0G3HUT6|A0A0G3HUT6_ECOLI,SFYQGLFGLDK,11
tr|A0A0G3HUT6|A0A0G3HUT6_ECOLI,EMK,3
tr|A0A0G3HUT6|A0A0G3HUT6_ECOLI,NVLAESYTVSDDGITYTVK,19
tr|A0A0G3HUT6|A0A0G3HUT6_ECOLI,EGIK,4
tr|A0A0G3HUT6|A0A0G3HUT6_ECOLI,FQDGTDFNAAAVK,13
tr|A0A0G3HUT6|A0A0G3HUT6_ECOLI,ANLDR,5
tr|A0A0G3HUT6|A0A0G3HUT6_ECOLI,ASDPANHLK,9
tr|A0A0G3HUT6|A0A0G3HUT6_ECOLI,YNLYK,5
tr|A0A0G3HUT6|A0A0G3HUT6_ECOLI,NIAK,4
tr|A0A0G3HUT6|A0A0G3HUT6_ECOLI,TEAIDPTTVK,10
tr|A0A0G3HUT6|A0A0G3HUT6_ECOLI,ITLK,4
tr|A0A0G3HUT6|A0A0G3HUT6_ECOLI,QPFSAFINILAHPATAMISPAALEK,25
tr|A0A0G3HUT6|A0A0G3HUT6_ECOLI,YGK,3
tr|A0A0G3HUT6|A0A0G3HUT6_ECOLI,EIGFYPVGTGPYELDTWNQTDFVK,24
tr|A0A0G3HUT6|A0A0G3HUT6_ECOLI,FAGYWQPGLPK,11
tr|A0A0G3HUT6|A0A0G3HUT6_ECOLI,LDSITWRPVADNNTR,15
tr|A0A0G3HUT6|A0A0G3HUT6_ECOLI,AAMLQTGEAQFAFPIPYEQATLLEK,25
tr|A0A0G3HUT6|A0A0G3HUT6_ECOLI,NIELMASPSIMQR,13
tr|A0A0G3HUT6|A0A0G3HUT6_ECOLI,YISMNVTQKPFDNPK,15
tr|A0A0G3HUT6|A0A0G3HUT6_ECOLI,EALNYAINRPALVK,14
tr|A0A0G3HUT6|A0A0G3HUT6_ECOLI,VAFAGYATPATGVVPPSIAYAQSYKPWPYDPVK,33
tr|A0A0G3HUT6|A0A0G3HUT6_ECOLI,ELLK,4
tr|A0A0G3HUT6|A0A0G3HUT6_ECOLI,EAGYPNGFSTTLWSSHNHSTAQK,23
tr|A0A0G3HUT6|A0A0G3HUT6_ECOLI,VLQFTQQQLAQVGIK,15
tr|A0A0G3HUT6|A0A0G3HUT6_ECOLI,AQVTAMDAGQR,11
tr|A0A0G3HUT6|A0A0G3HUT6_ECOLI,AAEVEGK,7
tr|A0A0G3HUT6|A0A0G3HUT6_ECOLI,GQK,3
tr|A0A0G3HUT6|A0A0G3HUT6_ECOLI,ESGVR,5
tr|A0A0G3HUT6|A0A0G3HUT6_ECOLI,MFYTGWSASTGEADWALSPLFASQNWPPTLFNTAFYSNK,39
tr|A0A0G3HUT6|A0A0G3HUT6_ECOLI,QVDDFLAQALK,11
tr|A0A0G3HUT6|A0A0G3HUT6_ECOLI,TNDPAEK,7
tr|A0A0G3HUT6|A0A0G3HUT6_ECOLI,LYK,3
tr|A0A0G3HUT6|A0A0G3HUT6_ECOLI,AAQDIIWQESPWIPLVVEK,19
tr|A0A0G3HUT6|A0A0G3HUT6_ECOLI,LVSAHSK,7
tr|A0A0G3HUT6|A0A0G3HUT6_ECOLI,NLTGFWIMPDTGFSFEDADLQ,21
tr|A0A0G3HVX2|A0A0G3HVX2_ECOLI,MSNNEFHQR,9
tr|A0A0G3HVX2|A0A0G3HVX2_ECOLI,LSATPR,6
tr|A0A0G3HVX2|A0A0G3HVX2_ECOLI,GVGVMCNFFAQSAENATLK,19
tr|A0A0G3HVX2|A0A0G3HVX2_ECOLI,DVEGNEYIDFAAGIAVLNTGHR,22
tr|A0A0G3HVX2|A0A0G3HVX2_ECOLI,HPDLVAAVEQQLQQFTHTAYQIVPYESYVTLAEK,34
tr|A0A0G3HVX2|A0A0G3HVX2_ECOLI,INALAPVSGQAK,12
tr|A0A0G3HVX2|A0A0G3HVX2_ECOLI,TAFFTTGAEAVENAVK,16
tr|A0A0G3HVX2|A0A0G3HVX2_ECOLI,IAR,3
tr|A0A0G3HVX2|A0A0G3HVX2_ECOLI,AHTGRPGVIAFSGGFHGR,18
tr|A0A0G3HVX2|A0A0G3HVX2_ECOLI,TYMTMALTGK,10
tr|A0A0G3HVX2|A0A0G3HVX2_ECOLI,VAPYK,5
tr|A0A0G3HVX2|A0A0G3HVX2_ECOLI,IGFGPFPGSVYHVPYPSDLHGISTQDSLDAIER,33
tr|A0A0G3HVX2|A0A0G3HVX2_ECOLI,LFK,3
tr|A0A0G3HVX2|A0A0G3HVX2_ECOLI,SDIEAK,6
tr|A0A0G3HVX2|A0A0G3HVX2_ECOLI,QVAAIIFEPVQGEGGFNVAPK,21
tr|A0A0G3HVX2|A0A0G3HVX2_ECOLI,ELVAAIR,7
tr|A0A0G3HVX2|A0A0G3HVX2_ECOLI,LCDEHGIVMIADEVQSGFAR,20
tr|A0A0G3HVX2|A0A0G3HVX2_ECOLI,TGK,3
tr|A0A0G3HVX2|A0A0G3HVX2_ECOLI,LFAMDHYADKPDLMTMAK,18
tr|A0A0G3HVX2|A0A0G3HVX2_ECOLI,SLAGGMPLSGVVGNANIMDAPAPGGLGGTYAGNPLAVAAAHAVLNIIDK,49
tr|A0A0G3HVX2|A0A0G3HVX2_ECOLI,ESLCER,6
tr|A0A0G3HVX2|A0A0G3HVX2_ECOLI,ANQLGQR,7
tr|A0A0G3HVX2|A0A0G3HVX2_ECOLI,NTLIDAK,7
tr|A0A0G3HVX2|A0A0G3HVX2_ECOLI,ESVPAIAAVR,10
tr|A0A0G3HVX2|A0A0G3HVX2_ECOLI,GLGSMIAVEFNDPQTGEPSAAIAQK,25
tr|A0A0G3HVX2|A0A0G3HVX2_ECOLI,IQQR,4
tr|A0A0G3HVX2|A0A0G3HVX2_ECOLI,ALAQGLLLLTCGAYGNVIR,19
tr|A0A0G3HVX2|A0A0G3HVX2_ECOLI,FLYPLTIPDAQFDAAMK,17
tr|A0A0G3HVX2|A0A0G3HVX2_ECOLI,ILQDALSD,8
tr|A0A0G3HZV6|A0A0G3HZV6_ECOLI,MSDEGLAPGK,10
tr|A0A0G3HZV6|A0A0G3HZV6_ECOLI,LSEIR,5
tr|A0A0G3HZV6|A0A0G3HZV6_ECOLI,QQQGLSQR,8
tr|A0A0G3HZV6|A0A0G3HZV6_ECOLI,AAELSGLTHSAISTIEQDK,19
tr|A0A0G3HZV6|A0A0G3HZV6_ECOLI,VSPAISTLQK,10
tr|A0A0G3HZV6|A0A0G3HZV6_ECOLI,LLK,3
tr|A0A0G3HZV6|A0A0G3HZV6_ECOLI,VYGLSLSEFFSEPEKPDEPQVVINQDDLIEMGSQGVSMK,39
tr|A0A0G3HZV6|A0A0G3HZV6_ECOLI,LVHNGNPNR,9
tr|A0A0G3HZV6|A0A0G3HZV6_ECOLI,TLAMIFETYQPGTTTGER,18
tr|A0A0G3HZV6|A0A0G3HZV6_ECOLI,HQGEEIGTVLEGEIVLTINGQDYHLVAGQSYAINTGIPHSFSNTSAGICR,50
tr|A0A0G3HZV6|A0A0G3HZV6_ECOLI,IISAHTPTTF,10
tr|A0A0H2UKY9|A0A0H2UKY9_ECOLI,GPASSNLIK,9
tr|A0A0H2UKY9|A0A0H2UKY9_ECOLI,QLQER,5
tr|A0A0H2UKY9|A0A0H2UKY9_ECOLI,GLVAQVTDEEALAER,15
tr|A0A0H2UKY9|A0A0H2UKY9_ECOLI,LAQGPIALYCGFDPTADSLHAGHLVPLLCLK,31
tr|A0A0H2UKY9|A0A0H2UKY9_ECOLI,FQQAGHKPVALVGGATGLIGDPSFK,25
tr|A0A0H2UKY9|A0A0H2UKY9_ECOLI,AAER,4
tr|A0A0H2UKY9|A0A0H2UKY9_ECOLI,LNTEETVQEWVDK,13
tr|A0A0H2UKY9|A0A0H2UKY9_ECOLI,QVAPFLDFDCGENSAIAANNYDWFGNMNVLTFLR,34
tr|A0A0H2UKY9|A0A0H2UKY9_ECOLI,DIGK,4
tr|A0A0H2UKY9|A0A0H2UKY9_ECOLI,HFSVNQMINK,10
tr|A0A0H2UKY9|A0A0H2UKY9_ECOLI,EAVK,4
tr|A0A0H2UKY9|A0A0H2UKY9_ECOLI,LNR,3
tr|A0A0H2UKY9|A0A0H2UKY9_ECOLI,EDQGISFTEFSYNLLQGYDFACLNK,25
tr|A0A0H2UKY9|A0A0H2UKY9_ECOLI,QYGVVLQIGGSDQWGNITSGIDLTR,25
tr|A0A0H2UKY9|A0A0H2UKY9_ECOLI,LHQNQVFGLTVPLITK,16
tr|A0A0H2UKY9|A0A0H2UKY9_ECOLI,ADGTK,5
tr|A0A0H2UKY9|A0A0H2UKY9_ECOLI,AGK,3
tr|A0A0H2UKY9|A0A0H2UKY9_ECOLI,TEGGAVWLDPK,11
tr|A0A0H2UKY9|A0A0H2UKY9_ECOLI,TSPYK,5
tr|A0A0H2UKY9|A0A0H2UKY9_ECOLI,FYQFAINAADADVYR,15
tr|A0A0H2UKY9|A0A0H2UKY9_ECOLI,WLK,3
tr|A0A0H2UKY9|A0A0H2UKY9_ECOLI,FGTFMSIEEINALEEEDK,18
tr|A0A0H2UKY9|A0A0H2UKY9_ECOLI,NSGK,4
tr|A0A0H2UKY9|A0A0H2UKY9_ECOLI,APR,3
tr|A0A0H2UKY9|A0A0H2UKY9_ECOLI,AQYVFAEQVTR,11
tr|A0A0H2UKY9|A0A0H2UKY9_ECOLI,LVHGEEGLQAAK,12
tr|A0A0H2UKY9|A0A0H2UKY9_ECOLI,ITECLFSGSLSALSEADFEQLAQDGVPMVEMEK,33
tr|A0A0H2UKY9|A0A0H2UKY9_ECOLI,GADLMQALVDSELQPSR,17
tr|A0A0H2UKY9|A0A0H2UKY9_ECOLI,GQAR,4
tr|A0A0H2UKY9|A0A0H2UKY9_ECOLI,TIASNAITINGEK,13
tr|A0A0H2UKY9|A0A0H2UKY9_ECOLI,QSDPEYFFK,9
tr|A0A0H2UKY9|A0A0H2UKY9_ECOLI,EEDR,4
tr|A0A0H2UKY9|A0A0H2UKY9_ECOLI,LFGR,4
tr|A0A0H2UKY9|A0A0H2UKY9_ECOLI,FTLLR,5
tr|A0A0H2UKY9|A0A0H2UKY9_ECOLI,NYCLICWK,8
tr|A0A0H2UKZ0|A0A0H2UKZ0_ECOLI,GPASSNLIK,9
tr|A0A0H2UKZ0|A0A0H2UKZ0_ECOLI,QLQER,5
tr|A0A0H2UKZ0|A0A0H2UKZ0_ECOLI,GLVAQVTDEEALAER,15
tr|A0A0H2UKZ0|A0A0H2UKZ0_ECOLI,LAQGPIALYCGFDPTADSLHAGHLVPLLCLK,31
tr|A0A0H2UKZ0|A0A0H2UKZ0_ECOLI,FQQAGHKPVALVGGATGLIGDPSFK,25
tr|A0A0H2UKZ0|A0A0H2UKZ0_ECOLI,AAER,4
tr|A0A0H2UKZ0|A0A0H2UKZ0_ECOLI,LNTEETVQEWVDK,13
tr|A0A0H2UKZ0|A0A0H2UKZ0_ECOLI,QVAPFLDFDCGENSAIAANNYDWFGNMNVLTFLR,34
tr|A0A0H2UKZ0|A0A0H2UKZ0_ECOLI,DIGK,4
tr|A0A0H2UKZ0|A0A0H2UKZ0_ECOLI,HFSVNQMINK,10
tr|A0A0H2UKZ0|A0A0H2UKZ0_ECOLI,EAVK,4
tr|A0A0H2UKZ0|A0A0H2UKZ0_ECOLI,LNR,3
tr|A0A0H2UKZ0|A0A0H2UKZ0_ECOLI,EDQGISFTEFSYNLLQGYDFACLNK,25
tr|A0A0H2UKZ0|A0A0H2UKZ0_ECOLI,QYGVVLQIGGSDQWGNITSGIDLTR,25
tr|A0A0H2UKZ0|A0A0H2UKZ0_ECOLI,LHQNQVFGLTVPLITK,16
tr|A0A0H2UKZ0|A0A0H2UKZ0_ECOLI,ADGTK,5
tr|A0A0H2UKZ0|A0A0H2UKZ0_ECOLI,AGK,3
tr|A0A0H2UKZ0|A0A0H2UKZ0_ECOLI,TEGGAVWLDPK,11
tr|A0A0H2UKZ0|A0A0H2UKZ0_ECOLI,TSPYK,5
tr|A0A0H2UKZ0|A0A0H2UKZ0_ECOLI,FYQFAINAADADVYR,15
tr|A0A0H2UKZ0|A0A0H2UKZ0_ECOLI,WLK,3
tr|A0A0H2UKZ0|A0A0H2UKZ0_ECOLI,FGTFMSIEEINALEEEDK,18
tr|A0A0H2UKZ0|A0A0H2UKZ0_ECOLI,NSGK,4
tr|A0A0H2UKZ0|A0A0H2UKZ0_ECOLI,APR,3
tr|A0A0H2UKZ0|A0A0H2UKZ0_ECOLI,AQYVFAEQVTR,11
tr|A0A0H2UKZ0|A0A0H2UKZ0_ECOLI,LVHGEEGLQAAK,12
tr|A0A0H2UKZ0|A0A0H2UKZ0_ECOLI,ITECLFSGSLSALSEADFEQLAQDGVPMVEMER,33
tr|A0A0H2UKZ0|A0A0H2UKZ0_ECOLI,LFGR,4
tr|A0A0H2UKZ0|A0A0H2UKZ0_ECOLI,FTLLR,5
tr|A0A0H2UKZ0|A0A0H2UKZ0_ECOLI,NYCLICWK,8
tr|A0A0H3JBR8|A0A0H3JBR8_ECO57,MEMLSGAEMVVR,12
tr|A0A0H3JBR8|A0A0H3JBR8_ECO57,SLIDQGVK,8
tr|A0A0H3JBR8|A0A0H3JBR8_ECO57,QVFGYPGGAVLDIYDALHTVGGIGHVLVR,29
tr|A0A0H3JBR8|A0A0H3JBR8_ECO57,HEQAAVHMADGLAR,14
tr|A0A0H3JBR8|A0A0H3JBR8_ECO57,ATGEVGVVLVTSGPGATNAITGIATAYMDSIPLVVLSGQVATSLIGYDAFQECDMVGISRPVVK,64
tr|A0A0H3JBR8|A0A0H3JBR8_ECO57,HSFLVK,6
tr|A0A0H3JBR8|A0A0H3JBR8_ECO57,QTEDIPQVLK,10
tr|A0A0H3JBR8|A0A0H3JBR8_ECO57,AFWLAASGRPGPVVVDLPK,19
tr|A0A0H3JBR8|A0A0H3JBR8_ECO57,DILNPANK,8
tr|A0A0H3JBR8|A0A0H3JBR8_ECO57,LPYVWPESVSMR,12
tr|A0A0H3JBR8|A0A0H3JBR8_ECO57,SYNPTTTGHK,10
tr|A0A0H3JBR8|A0A0H3JBR8_ECO57,GQIK,4
tr|A0A0H3JBR8|A0A0H3JBR8_ECO57,ALQTLVAAK,9
tr|A0A0H3JBR8|A0A0H3JBR8_ECO57,KPVVYVGGGAITAGCHQQLK,20
tr|A0A0H3JBR8|A0A0H3JBR8_ECO57,ETVEALNLPVVSSLMGLGAFPATHR,25
tr|A0A0H3JBR8|A0A0H3JBR8_ECO57,QALGMLGMHGTYEANMTMHNADVIFAVGVR,30
tr|A0A0H3JBR8|A0A0H3JBR8_ECO57,FDDR,4
tr|A0A0H3JBR8|A0A0H3JBR8_ECO57,TTNNLAK,7
tr|A0A0H3JBR8|A0A0H3JBR8_ECO57,YCPNATVLHIDIDPTSISK,19
tr|A0A0H3JBR8|A0A0H3JBR8_ECO57,TVTADIPIVGDAR,13
tr|A0A0H3JBR8|A0A0H3JBR8_ECO57,QVLEQMLELLSQESAHQPLDEIR,23
tr|A0A0H3JBR8|A0A0H3JBR8_ECO57,DWWQQIEQWR,10
tr|A0A0H3JBR8|A0A0H3JBR8_ECO57,QCLK,4
tr|A0A0H3JBR8|A0A0H3JBR8_ECO57,YDTHSEK,7
tr|A0A0H3JBR8|A0A0H3JBR8_ECO57,IKPQAVIETLWR,12
tr|A0A0H3JBR8|A0A0H3JBR8_ECO57,LTK,3
tr|A0A0H3JBR8|A0A0H3JBR8_ECO57,GGAYVTSDVGQHQMFAALYYPFDKPR,26
tr|A0A0H3JBR8|A0A0H3JBR8_ECO57,WINSGGLGTMGFGLPAALGVK,21
tr|A0A0H3JBR8|A0A0H3JBR8_ECO57,MALPEETVVCVTGDGSIQMNIQELSTALQYELPVLVVNLNNR,42
tr|A0A0H3JBR8|A0A0H3JBR8_ECO57,YLGMVK,6
tr|A0A0H3JBR8|A0A0H3JBR8_ECO57,QWQDMIYSGR,10
tr|A0A0H3JBR8|A0A0H3JBR8_ECO57,HSQSYMQSLPDFVR,14
tr|A0A0H3JBR8|A0A0H3JBR8_ECO57,LAEAYGHVGIQISHPQELESK,21
tr|A0A0H3JBR8|A0A0H3JBR8_ECO57,LSEALEQVR,9
tr|A0A0H3JBR8|A0A0H3JBR8_ECO57,NNR,3
tr|A0A0H3JBR8|A0A0H3JBR8_ECO57,LVFVDVTVDGSEHVYPMQIR,20
tr|A0A0H3JBR8|A0A0H3JBR8_ECO57,GGGMDEMWLSK,11
tr|A0A0H3JBR8|A0A0H3JBR8_ECO57,TER,3
tr|A0A0H3JBS4|A0A0H3JBS4_ECO57,ALLAAALVMASGSALAVDGGHIDFNGMVQSGTCK,34
tr|A0A0H3JBS4|A0A0H3JBS4_ECO57,VGVVDTGMHSVTTDGVVTLDTANVTDTFAEVSATAVGLLPK,41
tr|A0A0H3JBS4|A0A0H3JBS4_ECO57,EFMISVECDPGAPK,14
tr|A0A0H3JBS4|A0A0H3JBS4_ECO57,NAELTMGSASYANTSGTLNNNMNITVNGIAPAQNVNIAVHNMK,43
tr|A0A0H3JBS4|A0A0H3JBS4_ECO57,AGAAEIK,7
tr|A0A0H3JBS4|A0A0H3JBS4_ECO57,QVHMNNSSEVQELTLDAEGK,20
tr|A0A0H3JBS4|A0A0H3JBS4_ECO57,GQYVFNASYVK,11
tr|A0A0H3JBS4|A0A0H3JBS4_ECO57,APNSPAVTAGHVTTNALYTVAYK,23
tr|A0A0H3JBS6|A0A0H3JBS6_ECO57,MAGWHLDTK,9
tr|A0A0H3JBS6|A0A0H3JBS6_ECO57,MAQDIVAR,8
tr|A0A0H3JBS6|A0A0H3JBS6_ECO57,TMR,3
tr|A0A0H3JBS6|A0A0H3JBS6_ECO57,IIDTNINVMDAR,12
tr|A0A0H3JBS6|A0A0H3JBS6_ECO57,IIGSGDR,7
tr|A0A0H3JBS6|A0A0H3JBS6_ECO57,IGELHEGALLVLSQGR,16
tr|A0A0H3JBS6|A0A0H3JBS6_ECO57,VVDIDDAVAR,10
tr|A0A0H3JBS6|A0A0H3JBS6_ECO57,HLHGVR,6
tr|A0A0H3JBS6|A0A0H3JBS6_ECO57,QGINLPLR,8
tr|A0A0H3JBS6|A0A0H3JBS6_ECO57,LEGEIVGVIGLTGEPENLR,19
tr|A0A0H3JBS6|A0A0H3JBS6_ECO57,YGELVCMTAEMMLEQSR,17
tr|A0A0H3JBS6|A0A0H3JBS6_ECO57,LMHLLAQDSR,10
tr|A0A0H3JBS6|A0A0H3JBS6_ECO57,EELVMNLIQAEENTPALTEWAQR,23
tr|A0A0H3JBS6|A0A0H3JBS6_ECO57,LGIDLNQPR,9
tr|A0A0H3JBS6|A0A0H3JBS6_ECO57,VVAIVEVDSGQLGVDSAMAELQQLQNALTTPER,33
tr|A0A0H3JBS6|A0A0H3JBS6_ECO57,NNLVAIVSLTEMVVLKPALNSFGR,24
tr|A0A0H3JBS6|A0A0H3JBS6_ECO57,WDVEDHR,7
tr|A0A0H3JBS6|A0A0H3JBS6_ECO57,VEQLITR,7
tr|A0A0H3JBS6|A0A0H3JBS6_ECO57,EYGQLR,6
tr|A0A0H3JBS6|A0A0H3JBS6_ECO57,VSLGNYFTGPGSIAR,15
tr|A0A0H3JBS6|A0A0H3JBS6_ECO57,SYR,3
tr|A0A0H3JBS6|A0A0H3JBS6_ECO57,TAK,3
tr|A0A0H3JBS6|A0A0H3JBS6_ECO57,TTMVVGK,7
tr|A0A0H3JBS6|A0A0H3JBS6_ECO57,MPESR,5
tr|A0A0H3JBS6|A0A0H3JBS6_ECO57,CYFYQDLMLPVLLDSLR,17
tr|A0A0H3JBS6|A0A0H3JBS6_ECO57,GDWQANELARPLAR,14
tr|A0A0H3JBS6|A0A0H3JBS6_ECO57,AMDNNGLLR,9
tr|A0A0H3JBS6|A0A0H3JBS6_ECO57,TLAAWFR,7
tr|A0A0H3JBS6|A0A0H3JBS6_ECO57,HNVQPLATSK,10
tr|A0A0H3JBS6|A0A0H3JBS6_ECO57,ALFIHR,6
tr|A0A0H3JBS6|A0A0H3JBS6_ECO57,NTLEYR,6
tr|A0A0H3JBS6|A0A0H3JBS6_ECO57,LNR,3
tr|A0A0H3JBS6|A0A0H3JBS6_ECO57,ISELTGLDLGNFDDR,15
tr|A0A0H3JBS6|A0A0H3JBS6_ECO57,LLLYVALQLDEER,13
tr|A0A0H3JBT0|A0A0H3JBT0_ECO57,MNSNVLTQTIVTGSDPR,17
tr|A0A0H3JBT0|A0A0H3JBT0_ECO57,GLPEFSAIR,9
tr|A0A0H3JBT0|A0A0H3JBT0_ECO57,EEINK,5
tr|A0A0H3JBT0|A0A0H3JBT0_ECO57,ASHPSQPELNWK,12
tr|A0A0H3JBT0|A0A0H3JBT0_ECO57,LVESLALAIFK,11
tr|A0A0H3JBT0|A0A0H3JBT0_ECO57,ANGVDLHTATYYTLAR,16
tr|A0A0H3JBT0|A0A0H3JBT0_ECO57,TQGLAGFCEGAELLAAMVSHDWDK,24
tr|A0A0H3JBT0|A0A0H3JBT0_ECO57,FWPQGGPAR,9
tr|A0A0H3JBT0|A0A0H3JBT0_ECO57,TEMLDWFNSR,10
tr|A0A0H3JBT0|A0A0H3JBT0_ECO57,TGNILR,6
tr|A0A0H3JBT0|A0A0H3JBT0_ECO57,QQISFAESDLPLIYR,15
tr|A0A0H3JBT0|A0A0H3JBT0_ECO57,TER,3
tr|A0A0H3JBT0|A0A0H3JBT0_ECO57,ALQLICDK,8
tr|A0A0H3JBT0|A0A0H3JBT0_ECO57,LQQVELK,7
tr|A0A0H3JBT0|A0A0H3JBT0_ECO57,VPR,3
tr|A0A0H3JBT0|A0A0H3JBT0_ECO57,VENLLYFMQNTR,12
tr|A0A0H3JBT0|A0A0H3JBT0_ECO57,LEPQLK,6
tr|A0A0H3JBT0|A0A0H3JBT0_ECO57,SNTENAAQTTVR,12
tr|A0A0H3JBT0|A0A0H3JBT0_ECO57,TLIYAPETQASSTPEAVVPPLPGLPEMK,28
tr|A0A0H3JBT0|A0A0H3JBT0_ECO57,VEVR,4
tr|A0A0H3JBT0|A0A0H3JBT0_ECO57,SLTENPPQASVIK,13
tr|A0A0H3JBT0|A0A0H3JBT0_ECO57,QGSTVR,6
tr|A0A0H3JBT0|A0A0H3JBT0_ECO57,GFIAGIACSVAVASALWWWQVYPVQQQLLQVNDTAQGAATVWMASPELENYER,53
tr|A0A0H3JBT0|A0A0H3JBT0_ECO57,LQQLLDTSPVQPLETGMQMMR,21
tr|A0A0H3JBT0|A0A0H3JBT0_ECO57,VADSR,5
tr|A0A0H3JBT0|A0A0H3JBT0_ECO57,WPESLQQQQASTQWNEALK,19
tr|A0A0H3JBT0|A0A0H3JBT0_ECO57,AQSSPQLR,8
tr|A0A0H3JBT0|A0A0H3JBT0_ECO57,GWLQTR,6
tr|A0A0H3JBT0|A0A0H3JBT0_ECO57,QDLHAFADLVMQR,13
tr|A0A0H3JBT0|A0A0H3JBT0_ECO57,EGLTLSYIK,9
tr|A0A0H3JBT0|A0A0H3JBT0_ECO57,NVIWQAER,8
tr|A0A0H3JBT0|A0A0H3JBT0_ECO57,GLGQETPVESLLTQYQDAR,19
tr|A0A0H3JBT0|A0A0H3JBT0_ECO57,AQK,3
tr|A0A0H3JBT0|A0A0H3JBT0_ECO57,QNTDALEK,8
tr|A0A0H3JBT0|A0A0H3JBT0_ECO57,QINER,5
tr|A0A0H3JBT0|A0A0H3JBT0_ECO57,LEGVLSR,7
tr|A0A0H3JBT0|A0A0H3JBT0_ECO57,WLLLK,5
tr|A0A0H3JBT0|A0A0H3JBT0_ECO57,NNTIPTIK,8
tr|A0A0H3JBT0|A0A0H3JBT0_ECO57,ALNFNNIHEYK,11
tr|A0A0H3JBT0|A0A0H3JBT0_ECO57,GVLNGEFNLFNTK,13
tr|A0A0H3JBT6|A0A0H3JBT6_ECO57,MNSGQFSK,8
tr|A0A0H3JBT6|A0A0H3JBT6_ECO57,DVK,3
tr|A0A0H3JBT6|A0A0H3JBT6_ECO57,LAQK,4
tr|A0A0H3JBT6|A0A0H3JBT6_ECO57,DMNK,4
tr|A0A0H3JBT6|A0A0H3JBT6_ECO57,YLMTLLINNTLPLPAVYK,18
tr|A0A0H3JBT6|A0A0H3JBT6_ECO57,DHPLQGSWK,9
tr|A0A0H3JBT6|A0A0H3JBT6_ECO57,GYR,3
tr|A0A0H3JBT6|A0A0H3JBT6_ECO57,DAHVEPDWILIYK,13
tr|A0A0H3JBT6|A0A0H3JBT6_ECO57,LTDK,4
tr|A0A0H3JBT6|A0A0H3JBT6_ECO57,LLR,3
tr|A0A0H3JBT6|A0A0H3JBT6_ECO57,FER,3
tr|A0A0H3JBT6|A0A0H3JBT6_ECO57,TGTHAALFG,9
tr|A0A0H3JBU1|A0A0H3JBU1_ECO57,MLIGYVR,7
tr|A0A0H3JBU1|A0A0H3JBU1_ECO57,VSTNDQNTDLQR,12
tr|A0A0H3JBU1|A0A0H3JBU1_ECO57,NALNCAGCELIFEDK,15
tr|A0A0H3JBU1|A0A0H3JBU1_ECO57,ISGTK,5
tr|A0A0H3JBU1|A0A0H3JBU1_ECO57,SERPGLK,7
tr|A0A0H3JBU1|A0A0H3JBU1_ECO57,LLR,3
tr|A0A0H3JBU1|A0A0H3JBU1_ECO57,TLSAGDTLVVWK,12
tr|A0A0H3JBU1|A0A0H3JBU1_ECO57,LDR,3
tr|A0A0H3JBU1|A0A0H3JBU1_ECO57,LGR,3
tr|A0A0H3JBU1|A0A0H3JBU1_ECO57,SMR,3
tr|A0A0H3JBU1|A0A0H3JBU1_ECO57,HLVILVEELR,10
tr|A0A0H3JBU1|A0A0H3JBU1_ECO57,GVNFR,5
tr|A0A0H3JBU1|A0A0H3JBU1_ECO57,SLTDAIDTSTPMGR,14
tr|A0A0H3JBU1|A0A0H3JBU1_ECO57,FFFHVMGALAEMER,14
tr|A0A0H3JBU1|A0A0H3JBU1_ECO57,ELIVER,6
tr|A0A0H3JBU1|A0A0H3JBU1_ECO57,AGLEAAR,7
tr|A0A0H3JBU1|A0A0H3JBU1_ECO57,AQGR,4
tr|A0A0H3JBU1|A0A0H3JBU1_ECO57,IGGR,4
tr|A0A0H3JBU1|A0A0H3JBU1_ECO57,RPK,3
tr|A0A0H3JBU1|A0A0H3JBU1_ECO57,LTPEQWAQAGR,11
tr|A0A0H3JBU1|A0A0H3JBU1_ECO57,LIAAGIPR,8
tr|A0A0H3JBU1|A0A0H3JBU1_ECO57,VAIIYDVGVSTLYK,14
tr|A0A0H3JBU1|A0A0H3JBU1_ECO57,FPAGDK,6
tr|A0A0H3JBU2|A0A0H3JBU2_ECO57,MPLNDMQIR,9
tr|A0A0H3JBU2|A0A0H3JBU2_ECO57,AKPEAK,6
tr|A0A0H3JBU2|A0A0H3JBU2_ECO57,AYTFGDGLGLSLLIEPNGSK,20
tr|A0A0H3JBU2|A0A0H3JBU2_ECO57,SWR,3
tr|A0A0H3JBU2|A0A0H3JBU2_ECO57,YAGKPK,6
tr|A0A0H3JBU2|A0A0H3JBU2_ECO57,MISLGVYPTITLADAR,16
tr|A0A0H3JBU2|A0A0H3JBU2_ECO57,DEAR,4
tr|A0A0H3JBU2|A0A0H3JBU2_ECO57,LVAEGK,6
tr|A0A0H3JBU2|A0A0H3JBU2_ECO57,NPSEVR,6
tr|A0A0H3JBU2|A0A0H3JBU2_ECO57,EQK,3
tr|A0A0H3JBU2|A0A0H3JBU2_ECO57,LAMQTESENAFEK,13
tr|A0A0H3JBU2|A0A0H3JBU2_ECO57,IAR,3
tr|A0A0H3JBU2|A0A0H3JBU2_ECO57,EWHQLK,6
tr|A0A0H3JBU2|A0A0H3JBU2_ECO57,SAK,3
tr|A0A0H3JBU2|A0A0H3JBU2_ECO57,WSAGYASDIMEAFK,14
tr|A0A0H3JBU2|A0A0H3JBU2_ECO57,NDIFPYVGTRPVGEIKPLELLNVLR,25
tr|A0A0H3JBU2|A0A0H3JBU2_ECO57,IEK,3
tr|A0A0H3JBU2|A0A0H3JBU2_ECO57,GALEK,5
tr|A0A0H3JBU2|A0A0H3JBU2_ECO57,CSEVFR,6
tr|A0A0H3JBU2|A0A0H3JBU2_ECO57,YAIATGR,7
tr|A0A0H3JBU2|A0A0H3JBU2_ECO57,AEYNPAADLSSALEVHQSNHFPFLK,25
tr|A0A0H3JBU2|A0A0H3JBU2_ECO57,ADEIPDFLR,9
tr|A0A0H3JBU2|A0A0H3JBU2_ECO57,ALEGYSGSK,9
tr|A0A0H3JBU2|A0A0H3JBU2_ECO57,LVQIATK,7
tr|A0A0H3JBU2|A0A0H3JBU2_ECO57,LLMITGVR,8
tr|A0A0H3JBU2|A0A0H3JBU2_ECO57,TIELR,5
tr|A0A0H3JBU2|A0A0H3JBU2_ECO57,AALWQEFDLDNAIWEIPAER,20
tr|A0A0H3JBU2|A0A0H3JBU2_ECO57,RPHLVPLSSQAVDLLNELK,19
tr|A0A0H3JBU2|A0A0H3JBU2_ECO57,IMTGNYR,7
tr|A0A0H3JBU2|A0A0H3JBU2_ECO57,YVFPGR,6
tr|A0A0H3JBU2|A0A0H3JBU2_ECO57,NDPNRPMSEASINQAIK,17
tr|A0A0H3JBU2|A0A0H3JBU2_ECO57,IGYGGK,6
tr|A0A0H3JBU2|A0A0H3JBU2_ECO57,VTGHGFR,7
tr|A0A0H3JBU2|A0A0H3JBU2_ECO57,HTLSTILHEQGFESAWIEIQLAHVDK,26
tr|A0A0H3JBU2|A0A0H3JBU2_ECO57,NSIR,4
tr|A0A0H3JBU2|A0A0H3JBU2_ECO57,GTYNHAQYFSGR,12
tr|A0A0H3JBU2|A0A0H3JBU2_ECO57,SMMDWYSNLIFER,13
tr|A0A0H3JBU6|A0A0H3JBU6_ECO57,GNVSMAK,7
tr|A0A0H3JBU6|A0A0H3JBU6_ECO57,ENYNELYLFMQVVR,14
tr|A0A0H3JBU6|A0A0H3JBU6_ECO57,EGSFTAAAK,9
tr|A0A0H3JBU6|A0A0H3JBU6_ECO57,LGLAQSGVSR,10
tr|A0A0H3JBU6|A0A0H3JBU6_ECO57,SVR,3
tr|A0A0H3JBU6|A0A0H3JBU6_ECO57,ELEER,5
tr|A0A0H3JBU6|A0A0H3JBU6_ECO57,LGVQLLVR,8
tr|A0A0H3JBU6|A0A0H3JBU6_ECO57,TTR,3
tr|A0A0H3JBU6|A0A0H3JBU6_ECO57,LSLTQAGEQLYQK,13
tr|A0A0H3JBU6|A0A0H3JBU6_ECO57,TASGFEMLDLGLATLAHYR,19
tr|A0A0H3JBU6|A0A0H3JBU6_ECO57,ETPSGTVR,8
tr|A0A0H3JBU6|A0A0H3JBU6_ECO57,INASQHAIDK,10
tr|A0A0H3JBU6|A0A0H3JBU6_ECO57,CLLPK,5
tr|A0A0H3JBU6|A0A0H3JBU6_ECO57,LAVFK,5
tr|A0A0H3JBU6|A0A0H3JBU6_ECO57,YPDIQLELINESR,13
tr|A0A0H3JBU6|A0A0H3JBU6_ECO57,FVDIIEER,8
tr|A0A0H3JBU6|A0A0H3JBU6_ECO57,FDAGVR,6
tr|A0A0H3JBU6|A0A0H3JBU6_ECO57,LGPEVSQGMVAVR,13
tr|A0A0H3JBU6|A0A0H3JBU6_ECO57,ITPDMEMAIVGTPEHFR,17
tr|A0A0H3JBU6|A0A0H3JBU6_ECO57,YGFPQTPADLK,11
tr|A0A0H3JBU6|A0A0H3JBU6_ECO57,AHPCIAYQFADGSVYQWELNQDDK,24
tr|A0A0H3JBU6|A0A0H3JBU6_ECO57,ITHQPEGQWAFSDSYMEAEAAR,22
tr|A0A0H3JBU6|A0A0H3JBU6_ECO57,LGLGLAYVPVELVADDLEHGK,21
tr|A0A0H3JBU6|A0A0H3JBU6_ECO57,LIR,3
tr|A0A0H3JBU6|A0A0H3JBU6_ECO57,VLQR,4
tr|A0A0H3JBU6|A0A0H3JBU6_ECO57,YSLR,4
tr|A0A0H3JBU6|A0A0H3JBU6_ECO57,MEGLFLYYPHR,11
tr|A0A0H3JBU6|A0A0H3JBU6_ECO57,NVSPALR,7
tr|A0A0H3JBU6|A0A0H3JBU6_ECO57,MVIDTLK,7
tr|A0A0H3JBV2|A0A0H3JBV2_ECO57,KPLVIISACQFTR,13
tr|A0A0H3JBV2|A0A0H3JBV2_ECO57,LALESLIPADR,11
tr|A0A0H3JBV2|A0A0H3JBV2_ECO57,YIVR,4
tr|A0A0H3JBV2|A0A0H3JBV2_ECO57,VYSNVTTEVEFVLK,14
tr|A0A0H3JBV2|A0A0H3JBV2_ECO57,TSCGYLLADIP,11
tr|A0A0H3JBV3|A0A0H3JBV3_ECO57,MNK,3
tr|A0A0H3JBV3|A0A0H3JBV3_ECO57,IYR,3
tr|A0A0H3JBV3|A0A0H3JBV3_ECO57,WNR,3
tr|A0A0H3JBV3|A0A0H3JBV3_ECO57,NCWSVCSELGSR,12
tr|A0A0H3JBV3|A0A0H3JBV3_ECO57,AVLISAISLYSSLVFADDVIVNQDK,25
tr|A0A0H3JBV3|A0A0H3JBV3_ECO57,TIDFGK,6
tr|A0A0H3JBV3|A0A0H3JBV3_ECO57,ENQSIDYR,8
tr|A0A0H3JBV3|A0A0H3JBV3_ECO57,ITVTDNANLVINATDTSRPR,20
tr|A0A0H3JBV3|A0A0H3JBV3_ECO57,LTLASGGGLDITGGK,15
tr|A0A0H3JBV3|A0A0H3JBV3_ECO57,VTINGPLNFLLK,12
tr|A0A0H3JBV3|A0A0H3JBV3_ECO57,GTGFLNVSNAGSELYADDLYESNSGMR,27
tr|A0A0H3JBV3|A0A0H3JBV3_ECO57,HDR,3
tr|A0A0H3JBV3|A0A0H3JBV3_ECO57,GYFNVSNGGK,10
tr|A0A0H3JBV3|A0A0H3JBV3_ECO57,IHVK,4
tr|A0A0H3JBV3|A0A0H3JBV3_ECO57,GTSR,4
tr|A0A0H3JBV3|A0A0H3JBV3_ECO57,LTYLQGNVSGEGSQVNSETFFMGVYGSYGGNQYLSVNNGGEVNAR,45
tr|A0A0H3JBV3|A0A0H3JBV3_ECO57,QISLGYYDQVSDTTLAVSEGGK,22
tr|A0A0H3JBV3|A0A0H3JBV3_ECO57,ISAPTISLSTNSELALGAQEGSAAK,25
tr|A0A0H3JBV3|A0A0H3JBV3_ECO57,AAGIIDAEK,9
tr|A0A0H3JBV3|A0A0H3JBV3_ECO57,IEFVWAK,7
tr|A0A0H3JBV3|A0A0H3JBV3_ECO57,TSEK,4
tr|A0A0H3JBV3|A0A0H3JBV3_ECO57,ITLNHTDK,8
tr|A0A0H3JBV3|A0A0H3JBV3_ECO57,DATISADIVSGSEGLGYINALNGTTYLTGDNSAFSGK,37
tr|A0A0H3JBV3|A0A0H3JBV3_ECO57,IEQNGALGITQNIGTAEINNR,21
tr|A0A0H3JBV3|A0A0H3JBV3_ECO57,LHLK,4
tr|A0A0H3JBV3|A0A0H3JBV3_ECO57,ADDSMTFANK,10
tr|A0A0H3JBV3|A0A0H3JBV3_ECO57,ISGNGTISIDSGTVELTGNNYAFSGYIDVASGAVAVISEDK,41
tr|A0A0H3JBV3|A0A0H3JBV3_ECO57,NIGR,4
tr|A0A0H3JBV3|A0A0H3JBV3_ECO57,AELDVDGK,8
tr|A0A0H3JBV3|A0A0H3JBV3_ECO57,LQINANK,7
tr|A0A0H3JBV3|A0A0H3JBV3_ECO57,DWVFDNDLEGR,11
tr|A0A0H3JBV3|A0A0H3JBV3_ECO57,GIVEINMGNHEFSFDEFAYTDWFQGSLAFQNTTFNLEK,38
tr|A0A0H3JBV3|A0A0H3JBV3_ECO57,NAEFLQK,7
tr|A0A0H3JBV3|A0A0H3JBV3_ECO57,GGITAGQGSLVTVGK,15
tr|A0A0H3JBV3|A0A0H3JBV3_ECO57,GAHSISTLGFSGGTVDFGALTAGAQMTEGTVNVSK,35
tr|A0A0H3JBV3|A0A0H3JBV3_ECO57,TLDLR,5
tr|A0A0H3JBV3|A0A0H3JBV3_ECO57,GEGVIQVSDSDVVR,14
tr|A0A0H3JBV3|A0A0H3JBV3_ECO57,SVSR,4
tr|A0A0H3JBV3|A0A0H3JBV3_ECO57,DIDSALSLTEVDDGNSTIK,19
tr|A0A0H3JBV3|A0A0H3JBV3_ECO57,LVDAQGAEVLGDAGNLQLQDK,21
tr|A0A0H3JBV3|A0A0H3JBV3_ECO57,NGQILSSSAQR,11
tr|A0A0H3JBV3|A0A0H3JBV3_ECO57,DIQQNGQK,8
tr|A0A0H3JBV3|A0A0H3JBV3_ECO57,AAVGTYDYR,9
tr|A0A0H3JBV3|A0A0H3JBV3_ECO57,LTSGVNNDGLYIGYGLTQLDLHATDSDALVLSSNGK,36
tr|A0A0H3JBV3|A0A0H3JBV3_ECO57,SENAADLSAK,10
tr|A0A0H3JBV3|A0A0H3JBV3_ECO57,ITGSGDLAFSSQK,13
tr|A0A0H3JBV3|A0A0H3JBV3_ECO57,GQTVSLSNK,9
tr|A0A0H3JBV3|A0A0H3JBV3_ECO57,DNDYTGVTDLR,11
tr|A0A0H3JBV3|A0A0H3JBV3_ECO57,SGTLLLNNDNVLGNTHELR,19
tr|A0A0H3JBV3|A0A0H3JBV3_ECO57,LAAETELDMNGHSQTVGTLNGSADSLLSLNGGSLTVTNGGTSTGSLTGSGELNIQGGTLDIAGDNSNLTANVNIANSANVLVSHAQGLGSANVENNGTLALNNSAEK,107
tr|A0A0H3JBV3|A0A0H3JBV3_ECO57,AAASVNYALGGNLTNNGTLMTGMSGQQAGNVLVVK,35
tr|A0A0H3JBV3|A0A0H3JBV3_ECO57,GNYHGNNGQLVMNTVLNGDDSVTDK,25
tr|A0A0H3JBV3|A0A0H3JBV3_ECO57,LVVEGDTSGTTAVTVNNAGGTGAK,24
tr|A0A0H3JBV3|A0A0H3JBV3_ECO57,TLNGIELIHVDGK,13
tr|A0A0H3JBV3|A0A0H3JBV3_ECO57,SEGEFVQAGR,10
tr|A0A0H3JBV3|A0A0H3JBV3_ECO57,IVAGAYDYTLAR,12
tr|A0A0H3JBV3|A0A0H3JBV3_ECO57,GQGANSGNWYLTSGSDSPELQPEPDPMPNPEPNPNPEPNPNPTPTPGPDLNVDNDLRPEAGSYIANLAAANTMFTTR,77
tr|A0A0H3JBV3|A0A0H3JBV3_ECO57,LHER,4
tr|A0A0H3JBV3|A0A0H3JBV3_ECO57,LGNTYYTDMVTGEQK,15
tr|A0A0H3JBV3|A0A0H3JBV3_ECO57,QTTMWMR,7
tr|A0A0H3JBV3|A0A0H3JBV3_ECO57,HEGGHNK,7
tr|A0A0H3JBV3|A0A0H3JBV3_ECO57,DGSGQLK,7
tr|A0A0H3JBV3|A0A0H3JBV3_ECO57,TQSNR,5
tr|A0A0H3JBV3|A0A0H3JBV3_ECO57,YVLQLGGDVAQWSQNGSDR,19
tr|A0A0H3JBV3|A0A0H3JBV3_ECO57,WHVGVMAGYGNSDSK,15
tr|A0A0H3JBV3|A0A0H3JBV3_ECO57,TISSR,5
tr|A0A0H3JBV3|A0A0H3JBV3_ECO57,TGYR,4
tr|A0A0H3JBV3|A0A0H3JBV3_ECO57,ASVNGYSTGLYATWYADDESR,21
tr|A0A0H3JBV3|A0A0H3JBV3_ECO57,NGAYLDSWAQYSWFDNTVK,19
tr|A0A0H3JBV3|A0A0H3JBV3_ECO57,GDDLQSESYK,10
tr|A0A0H3JBV3|A0A0H3JBV3_ECO57,GFTASLEAGYK,11
tr|A0A0H3JBV3|A0A0H3JBV3_ECO57,LAEFNGSQGTR,11
tr|A0A0H3JBV3|A0A0H3JBV3_ECO57,NEWYVQPQAQVTWMGVK,17
tr|A0A0H3JBV3|A0A0H3JBV3_ECO57,ADK,3
tr|A0A0H3JBV3|A0A0H3JBV3_ECO57,ESNGTLVHSNGDGNVQTR,18
tr|A0A0H3JBV3|A0A0H3JBV3_ECO57,LGVK,4
tr|A0A0H3JBV3|A0A0H3JBV3_ECO57,TWLK,4
tr|A0A0H3JBV3|A0A0H3JBV3_ECO57,SHHK,4
tr|A0A0H3JBV3|A0A0H3JBV3_ECO57,MDDGK,5
tr|A0A0H3JBV3|A0A0H3JBV3_ECO57,EFQPFVEVNWLHNSK,15
tr|A0A0H3JBV3|A0A0H3JBV3_ECO57,DFSTSMDGVSVTQDGAR,17
tr|A0A0H3JBV3|A0A0H3JBV3_ECO57,NIAEIK,6
tr|A0A0H3JBV3|A0A0H3JBV3_ECO57,TGVEGQLNANLNVWGNVGVQVADR,24
tr|A0A0H3JBV3|A0A0H3JBV3_ECO57,GYNDTSAMVGIK,12
tr|A0A0H3JBV3|A0A0H3JBV3_ECO57,WQF,3
tr|A0A0H3JBW9|A0A0H3JBW9_ECO57,MEK,3
tr|A0A0H3JBW9|A0A0H3JBW9_ECO57,EDSFPQR,7
tr|A0A0H3JBW9|A0A0H3JBW9_ECO57,VWQIVAAIPEGYVTTYGDVAK,21
tr|A0A0H3JBW9|A0A0H3JBW9_ECO57,LAGSPR,6
tr|A0A0H3JBW9|A0A0H3JBW9_ECO57,AAR,3
tr|A0A0H3JBW9|A0A0H3JBW9_ECO57,QVGGVLK,7
tr|A0A0H3JBW9|A0A0H3JBW9_ECO57,LPEGSTLPWHR,11
tr|A0A0H3JBW9|A0A0H3JBW9_ECO57,VVNR,4
tr|A0A0H3JBW9|A0A0H3JBW9_ECO57,HGTISLTGPDLQR,13
tr|A0A0H3JBW9|A0A0H3JBW9_ECO57,QALLAEGVMVSGSGQIDLQR,20
tr|A0A0H3JBW9|A0A0H3JBW9_ECO57,WNY,3
tr|A0A0H3JBY6|A0A0H3JBY6_ECO57,LAPLYR,6
tr|A0A0H3JBY6|A0A0H3JBY6_ECO57,NALLLTGLLFSGIAAVQAADWPR,23
tr|A0A0H3JBY6|A0A0H3JBY6_ECO57,QITDSR,6
tr|A0A0H3JBY6|A0A0H3JBY6_ECO57,GTHTLESQPQR,11
tr|A0A0H3JBY6|A0A0H3JBY6_ECO57,IVSTSVTLTGSLLAIDAPVIASGATTPNNR,30
tr|A0A0H3JBY6|A0A0H3JBY6_ECO57,VADDQGFLR,9
tr|A0A0H3JBY6|A0A0H3JBY6_ECO57,QWSK,4
tr|A0A0H3JBY6|A0A0H3JBY6_ECO57,VAK,3
tr|A0A0H3JBY6|A0A0H3JBY6_ECO57,LQR,3
tr|A0A0H3JBY6|A0A0H3JBY6_ECO57,LYIGEPSTEAVAAQMPDLILISATGGDSALALYDQLSTIAPTLIINYDDK,50
tr|A0A0H3JBY6|A0A0H3JBY6_ECO57,SWQALLTQLGEITGHEK,17
tr|A0A0H3JBY6|A0A0H3JBY6_ECO57,QAAER,5
tr|A0A0H3JBY6|A0A0H3JBY6_ECO57,IAQFDK,6
tr|A0A0H3JBY6|A0A0H3JBY6_ECO57,QLAAAK,6
tr|A0A0H3JBY6|A0A0H3JBY6_ECO57,EQIK,4
tr|A0A0H3JBY6|A0A0H3JBY6_ECO57,LPPQPVTAIVYTAAAHSANLWTPESAQGQMLEQLGFTLAK,40
tr|A0A0H3JBY6|A0A0H3JBY6_ECO57,LPAGLNASQSQGK,13
tr|A0A0H3JBY6|A0A0H3JBY6_ECO57,HDIIQLGGENLAAGLNGESLFLFAGDQK,28
tr|A0A0H3JBY6|A0A0H3JBY6_ECO57,DADAIYANPLLAHLPAVQNK,20
tr|A0A0H3JBY6|A0A0H3JBY6_ECO57,QVYALGTETFR,11
tr|A0A0H3JBY6|A0A0H3JBY6_ECO57,LDYYSAMQVLER,12
tr|A0A0H3JBY6|A0A0H3JBY6_ECO57,ALF,3
tr|A0A0H3JC02|A0A0H3JC02_ECO57,MPEVQTDHPETAEFSKPQLR,20
tr|A0A0H3JC02|A0A0H3JC02_ECO57,MVDLNLLTVFDAVMQEQNITR,21
tr|A0A0H3JC02|A0A0H3JC02_ECO57,AAHVLGMSQPAVSNAVAR,18
tr|A0A0H3JC02|A0A0H3JC02_ECO57,VMFNDELFVR,10
tr|A0A0H3JC02|A0A0H3JC02_ECO57,YGR,3
tr|A0A0H3JC02|A0A0H3JC02_ECO57,GIQPTAR,7
tr|A0A0H3JC02|A0A0H3JC02_ECO57,AFQLFGSVR,9
tr|A0A0H3JC02|A0A0H3JC02_ECO57,QALQLVQNELPGSGFEPASSER,22
tr|A0A0H3JC02|A0A0H3JC02_ECO57,VFHLCVCSPLDSILTSQIYNHIEQIAPNIHVMFK,34
tr|A0A0H3JC02|A0A0H3JC02_ECO57,SSLNQNTEHQLR,12
tr|A0A0H3JC02|A0A0H3JC02_ECO57,YQETEFVISYEDFHRPEFTSVPLFK,25
tr|A0A0H3JC02|A0A0H3JC02_ECO57,DEMVLVASK,9
tr|A0A0H3JC02|A0A0H3JC02_ECO57,NHPTIK,6
tr|A0A0H3JC02|A0A0H3JC02_ECO57,GPLLK,5
tr|A0A0H3JC02|A0A0H3JC02_ECO57,HDVYNEQHAAVSLDR,15
tr|A0A0H3JC02|A0A0H3JC02_ECO57,FASFSQPWYDTVDK,14
tr|A0A0H3JC02|A0A0H3JC02_ECO57,QASIAYQGMAMMSVLSVVSQTHLVAIAPR,29
tr|A0A0H3JC02|A0A0H3JC02_ECO57,WLAEEFAESLELQVLPLPLK,20
tr|A0A0H3JC02|A0A0H3JC02_ECO57,LNSR,4
tr|A0A0H3JC02|A0A0H3JC02_ECO57,TCYLSWHEAAGR,12
tr|A0A0H3JC02|A0A0H3JC02_ECO57,GHQWMEEQLVSICK,14
tr|A0A0H3JC36|A0A0H3JC36_ECO57,MLNTCR,6
tr|A0A0H3JC36|A0A0H3JC36_ECO57,VPLTDR,6
tr|A0A0H3JC36|A0A0H3JC36_ECO57,AMK,3
tr|A0A0H3JC36|A0A0H3JC36_ECO57,QHK,3
tr|A0A0H3JC36|A0A0H3JC36_ECO57,VMIVALIVICITAVVAALVTR,21
tr|A0A0H3JC36|A0A0H3JC36_ECO57,DLCEVHIR,8
tr|A0A0H3JC36|A0A0H3JC36_ECO57,TGQTEVAVFTAYESE,15
tr|A0A0H3JC38|A0A0H3JC38_ECO57,MSTGLR,6
tr|A0A0H3JC38|A0A0H3JC38_ECO57,FTLEVDGLPPDAFAVVFFHLNQSLSSLFSLALSLVSQQFLSLEFQQILDK,50
tr|A0A0H3JC38|A0A0H3JC38_ECO57,MAYLTIWQGDDVQR,14
tr|A0A0H3JC38|A0A0H3JC38_ECO57,GVVTWFELGENDK,13
tr|A0A0H3JC38|A0A0H3JC38_ECO57,NQK,3
tr|A0A0H3JC38|A0A0H3JC38_ECO57,LYSMK,5
tr|A0A0H3JC38|A0A0H3JC38_ECO57,VCPPLWR,7
tr|A0A0H3JC38|A0A0H3JC38_ECO57,TGLR,4
tr|A0A0H3JC38|A0A0H3JC38_ECO57,QNFR,4
tr|A0A0H3JC38|A0A0H3JC38_ECO57,IFQNEDIASILGTILQENGVTEWSPLFSEPHPSR,34
tr|A0A0H3JC38|A0A0H3JC38_ECO57,EFCVQYGETDYDFLCR,16
tr|A0A0H3JC38|A0A0H3JC38_ECO57,MAAEEGIFFYEEHAQK,16
tr|A0A0H3JC38|A0A0H3JC38_ECO57,STDQSLVLCDTVLYLPESFEIPWNPNTR,28
tr|A0A0H3JC38|A0A0H3JC38_ECO57,TEVSTLCISQFR,12
tr|A0A0H3JC38|A0A0H3JC38_ECO57,YSAQIRPSSVVTK,13
tr|A0A0H3JC38|A0A0H3JC38_ECO57,DYTFK,5
tr|A0A0H3JC38|A0A0H3JC38_ECO57,RPGWAGR,7
tr|A0A0H3JC38|A0A0H3JC38_ECO57,FDQEGQHQDYQR,12
tr|A0A0H3JC38|A0A0H3JC38_ECO57,TQYEVYDYPGR,11
tr|A0A0H3JC38|A0A0H3JC38_ECO57,GAHGQNFAR,9
tr|A0A0H3JC38|A0A0H3JC38_ECO57,WQMDGWR,7
tr|A0A0H3JC38|A0A0H3JC38_ECO57,NNAEVAR,7
tr|A0A0H3JC38|A0A0H3JC38_ECO57,GTSR,4
tr|A0A0H3JC38|A0A0H3JC38_ECO57,SPEIWPGR,8
tr|A0A0H3JC38|A0A0H3JC38_ECO57,IVLTGHPQANLNR,13
tr|A0A0H3JC38|A0A0H3JC38_ECO57,EWQVVASELHGEQPQAVPGR,20
tr|A0A0H3JC38|A0A0H3JC38_ECO57,GSGTTLDNHFAVIPADR,17
tr|A0A0H3JC38|A0A0H3JC38_ECO57,TWRPQPLLKPLVDGPQSAVVTGPAGEEIFCDEHGR,35
tr|A0A0H3JC38|A0A0H3JC38_ECO57,FNWDR,5
tr|A0A0H3JC38|A0A0H3JC38_ECO57,YNPSNQDSSCWIR,13
tr|A0A0H3JC38|A0A0H3JC38_ECO57,VAQAWAGTGFGNLAIPR,17
tr|A0A0H3JC38|A0A0H3JC38_ECO57,VGQEVIVDFLNGDPDQPIIMGR,22
tr|A0A0H3JC38|A0A0H3JC38_ECO57,TYHQENR,7
tr|A0A0H3JC38|A0A0H3JC38_ECO57,TPGSLPGTK,9
tr|A0A0H3JC38|A0A0H3JC38_ECO57,TQMTIR,6
tr|A0A0H3JC38|A0A0H3JC38_ECO57,TYK,3
tr|A0A0H3JC38|A0A0H3JC38_ECO57,GSGFNELK,8
tr|A0A0H3JC38|A0A0H3JC38_ECO57,FDDATGK,7
tr|A0A0H3JC38|A0A0H3JC38_ECO57,EQVYIHAQK,9
tr|A0A0H3JC38|A0A0H3JC38_ECO57,NMNTEVLNNR,10
tr|A0A0H3JC38|A0A0H3JC38_ECO57,TTDVINNHAEK,11
tr|A0A0H3JC38|A0A0H3JC38_ECO57,IGNNQAITVTNNQILNIGVNQIQTVGVNQVETVGSNQIIK,40
tr|A0A0H3JC38|A0A0H3JC38_ECO57,VGSNQVEK,8
tr|A0A0H3JC38|A0A0H3JC38_ECO57,VGIIR,5
tr|A0A0H3JC38|A0A0H3JC38_ECO57,ALTVGVAYQTTVGGIMNTSVALLQSSQVGLHK,32
tr|A0A0H3JC38|A0A0H3JC38_ECO57,SLMVGMGYSVNVGNNVTFSVGK,22
tr|A0A0H3JC38|A0A0H3JC38_ECO57,TMK,3
tr|A0A0H3JC38|A0A0H3JC38_ECO57,ENTGQTAVYSAGEHLELCCGK,21
tr|A0A0H3JC38|A0A0H3JC38_ECO57,LVLTK,5
tr|A0A0H3JC38|A0A0H3JC38_ECO57,DGSIFLNGTHIHLEGESDVNGDAPVINWNCGATQPVPDAPVPK,43
tr|A0A0H3JC38|A0A0H3JC38_ECO57,DLPPGMPDMR,10
tr|A0A0H3JC46|A0A0H3JC46_ECO57,MLHIISPR,8
tr|A0A0H3JC46|A0A0H3JC46_ECO57,GISPR,5
tr|A0A0H3JC46|A0A0H3JC46_ECO57,LFYPFSSALALFYYAAAFTSGTMLSISTQYVVLLVTNIITINR,43
tr|A0A0H3JC46|A0A0H3JC46_ECO57,ISPVYR,6
tr|A0A0H3JC46|A0A0H3JC46_ECO57,KPEPESNHR,9
tr|A0A0H3JC46|A0A0H3JC46_ECO57,MTICQWQVIK,10
tr|A0A0H3JC46|A0A0H3JC46_ECO57,RPR,3
tr|A0A0H3JC46|A0A0H3JC46_ECO57,HAQPELTR,8
tr|A0A0H3JC46|A0A0H3JC46_ECO57,MIEGNNISDVR,11
tr|A0A0H3JC46|A0A0H3JC46_ECO57,MAPPAK,6
tr|A0A0H3JC46|A0A0H3JC46_ECO57,FCNDQTELATCP,12
tr|A0A0H3JC49|A0A0H3JC49_ECO57,MPSMIAIILLIILHIWLCR,19
tr|A0A0H3JC49|A0A0H3JC49_ECO57,QGGAHFWSESWLNISLLMLDIEHLAR,26
tr|A0A0H3JC49|A0A0H3JC49_ECO57,GLR,3
tr|A0A0H3JC56|A0A0H3JC56_ECO57,MPFAR,5
tr|A0A0H3JC56|A0A0H3JC56_ECO57,YFCIFINVGLGEAAK,15
tr|A0A0H3JC56|A0A0H3JC56_ECO57,DVGTGENQIPDMASFASGNGWMK,23
tr|A0A0H3JC56|A0A0H3JC56_ECO57,LPNGK,5
tr|A0A0H3JC56|A0A0H3JC56_ECO57,ILQYGR,6
tr|A0A0H3JC56|A0A0H3JC56_ECO57,GAVTPTLSTQTMR,13
tr|A0A0H3JC56|A0A0H3JC56_ECO57,ITFSIPFPK,9
tr|A0A0H3JC56|A0A0H3JC56_ECO57,ADCAMLTHSGDGGAPLGAGR,20
tr|A0A0H3JC56|A0A0H3JC56_ECO57,GFVMTAEGPTLTGFNSAYR,19
tr|A0A0H3JC56|A0A0H3JC56_ECO57,TSSTSDTVSMNYSWWAVGE,19
tr|A0A0H3JC58|A0A0H3JC58_ECO57,MLGAIEK,7
tr|A0A0H3JC58|A0A0H3JC58_ECO57,FGDK,4
tr|A0A0H3JC58|A0A0H3JC58_ECO57,VPEQSIQWLTDNGSAYR,17
tr|A0A0H3JC58|A0A0H3JC58_ECO57,AHETR,5
tr|A0A0H3JC58|A0A0H3JC58_ECO57,QFAR,4
tr|A0A0H3JC58|A0A0H3JC58_ECO57,ELNLEPCTTAISSPQSNGIAER,22
tr|A0A0H3JC58|A0A0H3JC58_ECO57,FVK,3
tr|A0A0H3JC58|A0A0H3JC58_ECO57,TMK,3
tr|A0A0H3JC58|A0A0H3JC58_ECO57,EDYIAFMPKPNVR,13
tr|A0A0H3JC58|A0A0H3JC58_ECO57,TALHNLAVAIEHYNENHPHSALGYR,25
tr|A0A0H3JC58|A0A0H3JC58_ECO57,SPR,3
tr|A0A0H3JC58|A0A0H3JC58_ECO57,EYR,3
tr|A0A0H3JC58|A0A0H3JC58_ECO57,VTLT,4
tr|A0A0H3JC65|A0A0H3JC65_ECO57,MSGMK,5
tr|A0A0H3JC65|A0A0H3JC65_ECO57,VSQAEK,6
tr|A0A0H3JC65|A0A0H3JC65_ECO57,AAR,3
tr|A0A0H3JC65|A0A0H3JC65_ECO57,GHWSR,5
tr|A0A0H3JC65|A0A0H3JC65_ECO57,ILPALGVNVLK,11
tr|A0A0H3JC65|A0A0H3JC65_ECO57,HQPCPVCAGK,10
tr|A0A0H3JC65|A0A0H3JC65_ECO57,FDDQEGR,7
tr|A0A0H3JC65|A0A0H3JC65_ECO57,GTWFCNQCGAGDGLALVSK,19
tr|A0A0H3JC65|A0A0H3JC65_ECO57,VLDVGISEAADR,12
tr|A0A0H3JC65|A0A0H3JC65_ECO57,INGIIGNLLPVSQGMLESGSPEK,23
tr|A0A0H3JC65|A0A0H3JC65_ECO57,EDGR,4
tr|A0A0H3JC65|A0A0H3JC65_ECO57,AAAVLAAR,8
tr|A0A0H3JC65|A0A0H3JC65_ECO57,LFDK,4
tr|A0A0H3JC65|A0A0H3JC65_ECO57,QTTGNAYLTSK,11
tr|A0A0H3JC65|A0A0H3JC65_ECO57,GFPALPCR,8
tr|A0A0H3JC65|A0A0H3JC65_ECO57,ELTAMHK,7
tr|A0A0H3JC65|A0A0H3JC65_ECO57,VGGVAFR,7
tr|A0A0H3JC65|A0A0H3JC65_ECO57,AGDLVVPLYADGELVNLQLINANGGK,26
tr|A0A0H3JC65|A0A0H3JC65_ECO57,CFLK,4
tr|A0A0H3JC65|A0A0H3JC65_ECO57,GGQVK,5
tr|A0A0H3JC65|A0A0H3JC65_ECO57,NAFYLVEGTAK,11
tr|A0A0H3JC65|A0A0H3JC65_ECO57,AAK,3
tr|A0A0H3JC65|A0A0H3JC65_ECO57,LWIAEGYATALTINYLTGDAVMVAFSSVNFLSLASIACSEYPTHQIIIAADR,52
tr|A0A0H3JC65|A0A0H3JC65_ECO57,DLNGAGQTR,9
tr|A0A0H3JC65|A0A0H3JC65_ECO57,GAAVTGACNCTMALPPVFGDWNDAFTQNGEEATR,34
tr|A0A0H3JC65|A0A0H3JC65_ECO57,HAIHEVIKPAVASPFDTMSEAEFTALSVSEK,31
tr|A0A0H3JC65|A0A0H3JC65_ECO57,AQR,3
tr|A0A0H3JC65|A0A0H3JC65_ECO57,VVDHYK,6
tr|A0A0H3JC65|A0A0H3JC65_ECO57,NSLAVDPNGQLLSR,14
tr|A0A0H3JC65|A0A0H3JC65_ECO57,YEAGAWK,7
tr|A0A0H3JC65|A0A0H3JC65_ECO57,VIYYADFAR,9
tr|A0A0H3JC65|A0A0H3JC65_ECO57,DVAALFQR,8
tr|A0A0H3JC65|A0A0H3JC65_ECO57,LDAPFSSAK,9
tr|A0A0H3JC65|A0A0H3JC65_ECO57,IASLVETLK,9
tr|A0A0H3JC65|A0A0H3JC65_ECO57,LIVPQQQNPAR,11
tr|A0A0H3JC65|A0A0H3JC65_ECO57,QLIGFR,6
tr|A0A0H3JC65|A0A0H3JC65_ECO57,NGVLDTR,7
tr|A0A0H3JC65|A0A0H3JC65_ECO57,TGLFSPHDK,9
tr|A0A0H3JC65|A0A0H3JC65_ECO57,HWLR,4
tr|A0A0H3JC65|A0A0H3JC65_ECO57,TLCEVDYTQPVDGESLETHAPAFWR,25
tr|A0A0H3JC65|A0A0H3JC65_ECO57,WLDR,4
tr|A0A0H3JC65|A0A0H3JC65_ECO57,AAGFNPEK,8
tr|A0A0H3JC65|A0A0H3JC65_ECO57,DIILAALFMVLANR,14
tr|A0A0H3JC65|A0A0H3JC65_ECO57,YDWQLFLEVTGPGGSGK,17
tr|A0A0H3JC65|A0A0H3JC65_ECO57,SILAEIATMLAGEDNATSATIEMLESPR,28
tr|A0A0H3JC65|A0A0H3JC65_ECO57,AALIGFSLIR,10
tr|A0A0H3JC65|A0A0H3JC65_ECO57,LPDQEK,6
tr|A0A0H3JC65|A0A0H3JC65_ECO57,WSGDGAGLK,9
tr|A0A0H3JC65|A0A0H3JC65_ECO57,AITGGDAVSVDPK,13
tr|A0A0H3JC65|A0A0H3JC65_ECO57,YQNAYSTHIPAVILAVNNNPMR,22
tr|A0A0H3JC65|A0A0H3JC65_ECO57,FTDR,4
tr|A0A0H3JC65|A0A0H3JC65_ECO57,SGGVSR,6
tr|A0A0H3JC65|A0A0H3JC65_ECO57,VILHFPDQIAPEER,14
tr|A0A0H3JC65|A0A0H3JC65_ECO57,DTQLK,5
tr|A0A0H3JC65|A0A0H3JC65_ECO57,IASELAVIVR,10
tr|A0A0H3JC65|A0A0H3JC65_ECO57,QLMQR,5
tr|A0A0H3JC65|A0A0H3JC65_ECO57,FSDPMSAR,8
tr|A0A0H3JC65|A0A0H3JC65_ECO57,TLLQSQQNSDEALTIK,16
tr|A0A0H3JC65|A0A0H3JC65_ECO57,DADSAFDFCGYLEVLPDTTGMFMGNANIVPR,31
tr|A0A0H3JC65|A0A0H3JC65_ECO57,QPR,3
tr|A0A0H3JC65|A0A0H3JC65_ECO57,TYLYHAYLVYMEANGYK,17
tr|A0A0H3JC65|A0A0H3JC65_ECO57,NTLSLTMFGK,10
tr|A0A0H3JC65|A0A0H3JC65_ECO57,GLPLMLK,7
tr|A0A0H3JC65|A0A0H3JC65_ECO57,EYGLQYEK,8
tr|A0A0H3JC65|A0A0H3JC65_ECO57,TNQGMQTNLALR,12
tr|A0A0H3JC65|A0A0H3JC65_ECO57,EESNADWLPK,10
tr|A0A0H3JC65|A0A0H3JC65_ECO57,CDEFAAK,7
tr|A0A0H3JC69|A0A0H3JC69_ECO57,MDQIANLVIDLGIDAAEFK,19
tr|A0A0H3JC69|A0A0H3JC69_ECO57,NEIPR,5
tr|A0A0H3JC69|A0A0H3JC69_ECO57,NLLNGAASDAER,12
tr|A0A0H3JC69|A0A0H3JC69_ECO57,SSAR,4
tr|A0A0H3JC69|A0A0H3JC69_ECO57,MQR,3
tr|A0A0H3JC69|A0A0H3JC69_ECO57,FMER,4
tr|A0A0H3JC69|A0A0H3JC69_ECO57,QTQAAR,6
tr|A0A0H3JC69|A0A0H3JC69_ECO57,QTMQAASSAATAASVHAQTVEK,22
tr|A0A0H3JC69|A0A0H3JC69_ECO57,SAQAHER,7
tr|A0A0H3JC69|A0A0H3JC69_ECO57,MAR,3
tr|A0A0H3JC69|A0A0H3JC69_ECO57,EVEQTR,6
tr|A0A0H3JC69|A0A0H3JC69_ECO57,MEALSQK,7
tr|A0A0H3JC69|A0A0H3JC69_ECO57,EEQAQAMALAEAQDK,15
tr|A0A0H3JC69|A0A0H3JC69_ECO57,AAAAFYR,7
tr|A0A0H3JC69|A0A0H3JC69_ECO57,QIDSVK,6
tr|A0A0H3JC69|A0A0H3JC69_ECO57,QAGAGLQELQR,11
tr|A0A0H3JC69|A0A0H3JC69_ECO57,IQQQIR,6
tr|A0A0H3JC69|A0A0H3JC69_ECO57,QAR,3
tr|A0A0H3JC69|A0A0H3JC69_ECO57,NSGGIGQQDYLALISEVTAK,20
tr|A0A0H3JC69|A0A0H3JC69_ECO57,VLTQAEEEATR,11
tr|A0A0H3JC69|A0A0H3JC69_ECO57,VAFIR,5
tr|A0A0H3JC69|A0A0H3JC69_ECO57,QLK,3
tr|A0A0H3JC69|A0A0H3JC69_ECO57,EQATR,5
tr|A0A0H3JC69|A0A0H3JC69_ECO57,QNLSSSELLR,10
tr|A0A0H3JC69|A0A0H3JC69_ECO57,AAQLGVSSAAEVYIR,15
tr|A0A0H3JC69|A0A0H3JC69_ECO57,MEQAGK,6
tr|A0A0H3JC69|A0A0H3JC69_ECO57,ATHSLGLK,8
tr|A0A0H3JC69|A0A0H3JC69_ECO57,SAAAR,5
tr|A0A0H3JC69|A0A0H3JC69_ECO57,QEIGVLIGELAR,12
tr|A0A0H3JC69|A0A0H3JC69_ECO57,GNLGALR,7
tr|A0A0H3JC69|A0A0H3JC69_ECO57,GSGITLANR,9
tr|A0A0H3JC69|A0A0H3JC69_ECO57,AGWIDTLMSPK,11
tr|A0A0H3JC69|A0A0H3JC69_ECO57,GMMPGAVIGGIAAAVYGLGK,20
tr|A0A0H3JC69|A0A0H3JC69_ECO57,AWYDGQK,7
tr|A0A0H3JC69|A0A0H3JC69_ECO57,EGEEFNR,7
tr|A0A0H3JC69|A0A0H3JC69_ECO57,QLSLTGHYAGVTAGQLWTLSR,21
tr|A0A0H3JC69|A0A0H3JC69_ECO57,AISGNGITQHAAAGALAQVVGSGAFR,26
tr|A0A0H3JC69|A0A0H3JC69_ECO57,GNDIGMVAR,9
tr|A0A0H3JC69|A0A0H3JC69_ECO57,AAAQMER,7
tr|A0A0H3JC69|A0A0H3JC69_ECO57,SVGQSVSDTINQFK,14
tr|A0A0H3JC69|A0A0H3JC69_ECO57,DDPVNAAK,8
tr|A0A0H3JC69|A0A0H3JC69_ECO57,ALDNELHFLTATQLEQIR,18
tr|A0A0H3JC69|A0A0H3JC69_ECO57,VLGEQGR,7
tr|A0A0H3JC69|A0A0H3JC69_ECO57,SSDAAR,6
tr|A0A0H3JC69|A0A0H3JC69_ECO57,IAMSALAEETGR,12
tr|A0A0H3JC69|A0A0H3JC69_ECO57,TADIDNNLNALGSTLK,16
tr|A0A0H3JC69|A0A0H3JC69_ECO57,YLSDLWSR,8
tr|A0A0H3JC69|A0A0H3JC69_ECO57,FWDAAMNIGR,10
tr|A0A0H3JC69|A0A0H3JC69_ECO57,EDSLDEQIAALQEK,14
tr|A0A0H3JC69|A0A0H3JC69_ECO57,VSR,3
tr|A0A0H3JC69|A0A0H3JC69_ECO57,LPWTASSSQVEYDQQR,16
tr|A0A0H3JC69|A0A0H3JC69_ECO57,LNDLQEK,7
tr|A0A0H3JC69|A0A0H3JC69_ECO57,DLQDAK,6
tr|A0A0H3JC69|A0A0H3JC69_ECO57,EQAER,5
tr|A0A0H3JC69|A0A0H3JC69_ECO57,NYQEQQK,7
tr|A0A0H3JC69|A0A0H3JC69_ECO57,NAENAALNR,9
tr|A0A0H3JC69|A0A0H3JC69_ECO57,MNETEAAR,8
tr|A0A0H3JC69|A0A0H3JC69_ECO57,HQR,3
tr|A0A0H3JC69|A0A0H3JC69_ECO57,EIAR,4
tr|A0A0H3JC69|A0A0H3JC69_ECO57,INAMQYADQAVR,12
tr|A0A0H3JC69|A0A0H3JC69_ECO57,DAAIQR,6
tr|A0A0H3JC69|A0A0H3JC69_ECO57,ENER,4
tr|A0A0H3JC69|A0A0H3JC69_ECO57,YEK,3
tr|A0A0H3JC69|A0A0H3JC69_ECO57,ALASGK,6
tr|A0A0H3JC69|A0A0H3JC69_ECO57,ETR,3
tr|A0A0H3JC69|A0A0H3JC69_ECO57,NDEATR,6
tr|A0A0H3JC69|A0A0H3JC69_ECO57,LLLQYSQQQAQVEGQIAAAR,20
tr|A0A0H3JC69|A0A0H3JC69_ECO57,QSAGIATER,9
tr|A0A0H3JC69|A0A0H3JC69_ECO57,MTEAR,5
tr|A0A0H3JC69|A0A0H3JC69_ECO57,QLLALQQR,8
tr|A0A0H3JC69|A0A0H3JC69_ECO57,ISDLDGK,7
tr|A0A0H3JC69|A0A0H3JC69_ECO57,LTADEK,6
tr|A0A0H3JC69|A0A0H3JC69_ECO57,SVLAR,5
tr|A0A0H3JC69|A0A0H3JC69_ECO57,DELIQALTLLDVK,13
tr|A0A0H3JC69|A0A0H3JC69_ECO57,QQELQK,6
tr|A0A0H3JC69|A0A0H3JC69_ECO57,QTALNELK,8
tr|A0A0H3JC69|A0A0H3JC69_ECO57,TIQLTSQLAEEER,13
tr|A0A0H3JC69|A0A0H3JC69_ECO57,AQR,3
tr|A0A0H3JC69|A0A0H3JC69_ECO57,QQHDLDIATVGMGDQQR,17
tr|A0A0H3JC69|A0A0H3JC69_ECO57,YQVQLSLR,8
tr|A0A0H3JC69|A0A0H3JC69_ECO57,YQQQLEQLR,9
tr|A0A0H3JC69|A0A0H3JC69_ECO57,DSEQK,5
tr|A0A0H3JC69|A0A0H3JC69_ECO57,GTYNTDDYR,9
tr|A0A0H3JC69|A0A0H3JC69_ECO57,AEQALTESLNR,11
tr|A0A0H3JC69|A0A0H3JC69_ECO57,QLNENR,6
tr|A0A0H3JC69|A0A0H3JC69_ECO57,YWQQLEVVQGNWK,13
tr|A0A0H3JC69|A0A0H3JC69_ECO57,NGVLR,5
tr|A0A0H3JC69|A0A0H3JC69_ECO57,AFQDFTVDADNTAETAEQVFSSAFSNMGNGLATFVTTGK,39
tr|A0A0H3JC69|A0A0H3JC69_ECO57,LNFK,4
tr|A0A0H3JC69|A0A0H3JC69_ECO57,SFTSSVLSDMAK,12
tr|A0A0H3JC69|A0A0H3JC69_ECO57,ILAQATMMK,9
tr|A0A0H3JC69|A0A0H3JC69_ECO57,SIK,3
tr|A0A0H3JC69|A0A0H3JC69_ECO57,GIGSVLGFDLSSLSLNANGGIYQSADLSR,29
tr|A0A0H3JC69|A0A0H3JC69_ECO57,YSGTVVNRPTFFAFAK,16
tr|A0A0H3JC69|A0A0H3JC69_ECO57,GAGVMGEAGPEAILPLR,17
tr|A0A0H3JC69|A0A0H3JC69_ECO57,GADGK,5
tr|A0A0H3JC69|A0A0H3JC69_ECO57,LGVVADIGGSGMAMFSPQYNIEINNDGTNGQIGPAALK,38
tr|A0A0H3JC69|A0A0H3JC69_ECO57,AVYDLGK,7
tr|A0A0H3JC69|A0A0H3JC69_ECO57,AAADFMQQQAR,11
tr|A0A0H3JC69|A0A0H3JC69_ECO57,DGGR,4
tr|A0A0H3JC69|A0A0H3JC69_ECO57,LSGAYR,6
